{
 "actions": [],
 "autoname": "autoincrement",
 "creation": "2023-02-13 22:37:10.839977",
 "default_view": "List",
 "doctype": "DocType",
 "editable_grid": 1,
 "engine": "InnoDB",
 "field_order": [
  "module",
  "evidence_recieved",
  "evidence_acceptance"
 ],
 "fields": [
  {
   "fieldname": "module",
   "fieldtype": "Data",
   "in_filter": 1,
   "in_list_view": 1,
   "in_preview": 1,
   "in_standard_filter": 1,
   "label": "Module"
  },
  {
   "fieldname": "evidence_recieved",
   "fieldtype": "Data",
   "in_list_view": 1,
   "label": "Evidence Recieved Percentage",
   "permlevel": 1
  },
  {
   "fieldname": "evidence_acceptance",
   "fieldtype": "Data",
   "in_filter": 1,
   "in_list_view": 1,
   "in_preview": 1,
   "in_standard_filter": 1,
   "label": "Evidence Acceptance Percentage"
  }
 ],
 "index_web_pages_for_search": 1,
 "istable": 1,
 "links": [],
 "modified": "2023-02-13 22:47:38.773356",
 "modified_by": "Administrator",
 "module": "Opex",
 "name": "Evidence Acceptance Table",
 "naming_rule": "Autoincrement",
 "owner": "Administrator",
 "permissions": [],
 "sort_field": "modified",
 "sort_order": "DESC",
 "states": []
}